"","gender_race","renda_media_hab","renda_media_efe","massa_hab","massa_efe","tx_desocup","pea_fac","gini_hab","gini_efe","Ano_trimestre"
"1","Homem Negro",2521.24373854969,2660.52750759052,51873449666.774,54739150222.5221,0.0476541184578725,0.856399503654827,0.447971956500623,0.475076328471914,"2012T1"
"2","Mulher Branca",3182.40868034981,3388.40628194713,45796382078.0178,48760786030.3315,0.0601572175092047,0.617413493524467,0.497285182990709,0.512377257065054,"2012T1"
"3","Homem Branco",4662.99208709928,4923.17176467364,89578092409.4896,94576256413.5219,0.0349849170357569,0.861360803684129,0.517432379241654,0.533842622729935,"2012T1"
"4","Mulher Negra",1877.46002696567,2006.38433207169,25064820851.563,26786010418.5745,0.0889390422586513,0.581610829539682,0.443788134235547,0.47224091562839,"2012T1"
"5","Mulher Branca",3246.95217291911,3232.88694796659,47380039624.032,47174797637.0606,0.0540523405250157,0.631986633118048,0.494905861844927,0.501167295059531,"2012T2"
"6","Homem Negro",2514.82844022533,2493.93493066002,52703792651.1146,52265922942.6802,0.0489624186044256,0.858778470792327,0.442736816807155,0.455420188132848,"2012T2"
"7","Mulher Negra",1875.75122244536,1864.31072152776,25601026614.9292,25444881938.0793,0.0822324421658004,0.585674438250501,0.436821790483009,0.445759186805844,"2012T2"
"8","Homem Branco",4641.94219127167,4638.5728247323,89469801584.6091,89404859682.4222,0.0351006683993103,0.873195188207374,0.51001415367864,0.51806305529044,"2012T2"
"9","Mulher Branca",3186.4943814389,3183.37437705671,25786682159.8675,25761433547.5337,0.0599564331618764,0.625628123278845,0.50182312309289,0.504742640719542,"2012T3"
"10","Homem Negro",2363.76754831703,2349.33968607539,39498187975.7575,39257100642.3966,0.0510847803239168,0.852090041959681,0.441683582268524,0.451644089947877,"2012T3"
"11","Mulher Negra",1822.73966716971,1815.6151874256,19879004948.071,19801304566.2575,0.0824007177733453,0.575347264774362,0.444424319344762,0.451413710142333,"2012T3"
"12","Homem Branco",4545.41170249146,4525.48584151749,48036255526.6737,47825677517.0272,0.0394752221348307,0.868467203121664,0.531721581131933,0.534810499359992,"2012T3"
"13","Mulher Branca",3347.06202528661,3392.01029411147,33515096687.8429,33965176657.7495,0.0563771660427688,0.623532983335227,0.504094327175153,0.508751190834573,"2012T4"
"14","Homem Negro",2416.39667370477,2424.59864649306,43896506745.9737,44045504614.4733,0.0513137403499083,0.855533502025846,0.435143467018861,0.446220470203116,"2012T4"
"15","Mulher Negra",1821.32045251753,1835.8063004228,21772011772.9417,21945175177.9309,0.0779158439858449,0.576312896926479,0.430868845713121,0.44080372776989,"2012T4"
"16","Homem Branco",4736.39583831961,4781.54491941056,61863040946.5705,62452742387.8295,0.0371692145157529,0.872109286480741,0.520870874653156,0.525485654674867,"2012T4"
"17","Mulher Branca",3304.18013931125,3458.6934704048,47970132003.6749,50213358636.721,0.0576409774671512,0.633303776358454,0.488011668513536,0.499060114950225,"2013T1"
"18","Homem Negro",2569.68675768016,2669.07114413091,55090184144.79,57220834557.4621,0.0546227906934287,0.857182859659276,0.434998435064699,0.457318789500277,"2013T1"
"19","Mulher Negra",1899.45264567892,1992.0514374517,26643441748.8828,27942316201.0717,0.0898365807541179,0.5839269800766,0.428045565153298,0.450376296786089,"2013T1"
"20","Homem Branco",4718.61801185526,4912.22680300134,90365123928.1851,94072879538.3118,0.0347887827073417,0.869965608758647,0.507091051495081,0.516659402162986,"2013T1"
"21","Mulher Negra",1936.43471270488,1919.76250078228,27448301636.9349,27211978718.9435,0.0854730924913461,0.587896475481018,0.429602498124041,0.438934759640688,"2013T2"
"22","Homem Negro",2593.96830936793,2563.04916865957,56161710834.7305,55492284059.7579,0.0500102257238735,0.860758603157225,0.437993722041938,0.4457664026977,"2013T2"
"23","Homem Branco",4789.90737306004,4789.13489220431,92899589317.9526,92884607158.87,0.0332926709115142,0.874447942706616,0.506985124861785,0.513152142631952,"2013T2"
"24","Mulher Branca",3309.81042871634,3296.96404503479,48915417710.0284,48725562055.9417,0.0543950339056348,0.639894841807436,0.485224866523822,0.489332481042766,"2013T2"
"25","Homem Negro",2638.68367314871,2618.72370856934,57321890428.1699,56888286766.5367,0.0452680914138611,0.862341933097505,0.437693104628124,0.446844144133138,"2013T3"
"26","Mulher Negra",1983.46697063641,1974.44914253112,28329390796.1064,28200591284.7916,0.0771083592388439,0.587523978338492,0.435331675661473,0.443255454877544,"2013T3"
"27","Mulher Branca",3373.7758005179,3368.8577370888,50729639209.9378,50655688954.1646,0.0514633436480639,0.637681640464129,0.485334806771789,0.490100991682084,"2013T3"
"28","Homem Branco",4754.71586326001,4731.91659951533,93179207413.6223,92732405252.0549,0.0313788384778499,0.872791745706205,0.498783605586141,0.503846153280392,"2013T3"
"29","Homem Negro",2634.43877673413,2649.99085063281,58567650513.9948,58913397181.9036,0.0414935734168513,0.865413671778468,0.436740449775243,0.446513613625939,"2013T4"
"30","Mulher Negra",1958.74773741809,1978.7213756897,28379663265.6859,28669054858.8504,0.0690032089787286,0.587378277415526,0.429900204608202,0.43982073155621,"2013T4"
"31","Homem Branco",4796.23223006224,4840.06406638281,93384653663.6726,94238077905.4313,0.0308162637358989,0.870943081944789,0.49354141916865,0.500530565627741,"2013T4"
"32","Mulher Branca",3349.63745653513,3380.06821482539,50441360328.6737,50899609576.2151,0.0450249466429071,0.634392233790518,0.478789453850368,0.483368080859691,"2013T4"
"33","Homem Negro",2680.5749486913,2778.92769557891,58946773481.3518,61109584521.1562,0.0474739159675759,0.860792426005135,0.437499161038431,0.456490962153111,"2014T1"
"34","Mulher Negra",1983.48835273049,2066.56644451168,28742869035.2928,29946759498.5171,0.0780573871265579,0.590085283526079,0.422023078317579,0.440600052035734,"2014T1"
"35","Mulher Branca",3402.51269657132,3563.53465431607,51277548840.1237,53704229366.8147,0.0496840528962349,0.632580599374216,0.480740927646366,0.493948415162777,"2014T1"
"36","Homem Branco",4864.34836624028,5029.06256137676,95002702197.9766,98219637427.561,0.0340395334777931,0.868269459269272,0.499211888818536,0.508280177596134,"2014T1"
"37","Homem Negro",2655.55614051579,2657.00541038629,59313503178.463,59345873525.2083,0.0463035643777183,0.863203814544702,0.437823821786878,0.451208453378058,"2014T2"
"38","Mulher Negra",1981.74975664162,1973.95579889413,29135495462.2605,29020909440.5772,0.073726436594043,0.592001821839339,0.429926629880356,0.43741207236053,"2014T2"
"39","Homem Branco",4826.7738811947,4833.22123884649,94526678593.187,94652942495.2315,0.0330814189682395,0.871362316994736,0.497579304270403,0.504111966954042,"2014T2"
"40","Mulher Branca",3402.26765659508,3406.79321381637,51470438344.413,51538902215.4083,0.0470547112960122,0.632653391698722,0.48308973008352,0.487280247286435,"2014T2"
"41","Homem Negro",2692.61961364622,2667.79567883119,60667553977.1352,60108244597.6433,0.0461251006132974,0.863352499711194,0.439797300919963,0.450706985482611,"2014T3"
"42","Mulher Branca",3428.5311903396,3423.83022063891,51524448735.9062,51453801902.3483,0.04967799586623,0.635719052358456,0.48616122005842,0.490623216340282,"2014T3"
"43","Mulher Negra",1981.14642277146,1967.92785794494,29704340313.7212,29506147619.0507,0.0701091005995161,0.591810406676799,0.425222599809786,0.434361133107814,"2014T3"
"44","Homem Branco",4899.56061442544,4888.94647293954,95629332756.302,95422166573.8714,0.0317656557633813,0.871016120891722,0.5046269252407,0.510798206322761,"2014T3"
"45","Mulher Branca",3444.0158297987,3464.49620532323,52710749441.1825,53024202106.9322,0.0458167373856175,0.640324920713668,0.485925273625071,0.489650799624542,"2014T4"
"46","Homem Branco",4863.02108341073,4888.63927996374,94491766502.3691,94989545271.0355,0.0333830891522885,0.87106228625903,0.494006357271246,0.499798696471771,"2014T4"
"47","Homem Negro",2678.83967554315,2678.38515658325,60904838573.3048,60894504844.0659,0.0466617094106565,0.861756331620639,0.429584991075899,0.441351429481074,"2014T4"
"48","Mulher Negra",2007.5492349757,2012.75829034212,30312846632.1103,30391500392.4612,0.0665155667692644,0.592460081353821,0.426850786872819,0.435911393953575,"2014T4"
"49","Mulher Branca",3444.60172218745,3587.69056634706,52045362082.9717,54207327762.8794,0.0562560203342578,0.641555830459985,0.483480165937181,0.494798316474771,"2015T1"
"50","Homem Branco",4844.0385273555,5004.20191823676,93169497163.9473,96250055361.0404,0.0388749131755816,0.870221345699764,0.497474184202474,0.507919476328425,"2015T1"
"51","Mulher Negra",2026.13121194064,2108.47290176422,30386444403.8372,31621345265.7344,0.0838483875441412,0.59415232615044,0.42764426042595,0.450114420359569,"2015T1"
"52","Homem Negro",2654.44747586181,2730.88499076422,60241096829.8983,61975800484.2541,0.0533806807570865,0.858033636912615,0.425115536439989,0.447669446049986,"2015T1"
"53","Mulher Negra",2001.02996261507,1994.75421109381,30058930641.4839,29964658000.2815,0.0871829936449011,0.599953198482223,0.427652544325611,0.436833283958549,"2015T2"
"54","Homem Negro",2619.9920842774,2600.56360275056,59081618058.4885,58643499893.2034,0.0591901870105551,0.862908970364752,0.428432891318153,0.441460736830777,"2015T2"
"55","Mulher Branca",3392.19707243256,3390.79393065053,52408358003.0464,52386679912.0417,0.0584585982674979,0.648579058513625,0.481953195933784,0.487855480243525,"2015T2"
"56","Homem Branco",4873.42641182469,4867.89120001289,94783590409.7266,94675935711.6014,0.0418594450798805,0.869082204417519,0.50299223348793,0.509715976615553,"2015T2"
"57","Mulher Negra",1969.47091434712,1953.98185888517,29891595939.3171,29656511184.3316,0.092670551355066,0.603608575022294,0.427965897120885,0.439100313857125,"2015T3"
"58","Homem Negro",2613.2345849908,2580.29189540848,59110863552.1899,58365706251.6831,0.0643005998549151,0.865437687150021,0.43308211605472,0.448041940424446,"2015T3"
"59","Mulher Branca",3409.33900912247,3395.70425533226,52768865005.8245,52557829822.6942,0.0613684027710058,0.652139609031489,0.486458363725433,0.494397771541117,"2015T3"
"60","Homem Branco",4744.96747560622,4731.35132489756,92277897504.8692,92013097004.9787,0.0467409235235549,0.869724480714224,0.495089623356762,0.504528483787908,"2015T3"
"61","Mulher Negra",1964.51614317442,2048.61828443425,30059839562.9923,31346719735.4756,0.0921302368940071,0.597132721170823,0.429405605846114,0.447806558922821,"2015T4"
"62","Homem Negro",2547.09026929153,2629.37831690376,57834119984.2949,59702548785.6829,0.0654825865524287,0.866779482039738,0.431505681448471,0.453720917137616,"2015T4"
"63","Mulher Branca",3396.42431454253,3567.55246717297,52517304681.0405,55163378463.0223,0.0620797979451528,0.651519677228446,0.487548331745529,0.499787162345456,"2015T4"
"64","Homem Branco",4619.09265021662,4791.99223347155,90626236511.968,94018512811.9784,0.0473307020916793,0.873378275510018,0.493241989481248,0.505693910084119,"2015T4"
"65","Homem Negro",2546.40794954768,2787.13732248367,57713517474.8256,63169571314.9469,0.0778269396266709,0.865307575609324,0.435247494497162,0.470991453896204,"2016T1"
"66","Mulher Negra",1945.27260514362,2182.59559053705,29514155530.6385,33114878371.9393,0.110281362983263,0.596145404713791,0.420039400765745,0.460071082380637,"2016T1"
"67","Mulher Branca",3414.02969428293,3846.65748371796,51640764704.1384,58184711851.4342,0.0745020957559042,0.64885739762912,0.48467537941815,0.505079872152237,"2016T1"
"68","Homem Branco",4599.60195251577,5052.74941452965,89578155082.6749,98403291267.6436,0.0534383873359429,0.876410143763951,0.493996549087569,0.514839560268229,"2016T1"
"69","Homem Negro",2496.56125518833,2488.56256135681,56428185766.1529,56247396378.1601,0.0831603923375035,0.861817384478388,0.426276977786983,0.442777467913402,"2016T2"
"70","Mulher Negra",1945.49235550471,1945.75786749789,29606377772.9468,29610418317.4142,0.113538637154246,0.599466061720819,0.417753801584695,0.431786376700984,"2016T2"
"71","Mulher Branca",3352.7425106116,3393.62968262201,51258269765.5196,51883371659.3351,0.0789880776225006,0.654157857134605,0.480649772373908,0.489993537908049,"2016T2"
"72","Homem Branco",4549.09380792896,4609.93283133768,88191227834.7459,89370686514.0392,0.0563909632815873,0.876441457984535,0.491617127504469,0.504066763977789,"2016T2"
"73","Mulher Negra",1946.22415352306,1965.56817476173,29771630040.4025,30067537910.4025,0.120876223561701,0.6000745977851,0.415245752463306,0.43201426102496,"2016T3"
"74","Homem Negro",2512.5597085061,2509.60407330835,56701381754.5031,56634681409.39,0.0878501826016906,0.85799930746662,0.430876784455904,0.448962240719993,"2016T3"
"75","Homem Branco",4588.16145734561,4635.84266522318,88075084329.716,88990380455.147,0.0617243363722454,0.873403975890212,0.491016921851951,0.502953167272608,"2016T3"
"76","Mulher Branca",3401.86822909049,3428.00013798834,51671158341.8053,52068077302.654,0.0787672119769905,0.652860928617788,0.478669229082698,0.486507565272404,"2016T3"
"77","Mulher Branca",3497.82730168156,3661.73373174679,52375386304.5862,54829670593.6777,0.0807301578936241,0.657751258630527,0.485947097033204,0.500988582062746,"2016T4"
"78","Mulher Negra",1962.75976293151,2028.81651322134,30593748932.2061,31623382650.9176,0.124552576988553,0.601625306101252,0.41765075958574,0.437149648540071,"2016T4"
"79","Homem Negro",2510.17079991239,2566.69576771243,57251470501.6456,58540680593.1355,0.0910693243932099,0.85675137312632,0.427493171520837,0.447921983361084,"2016T4"
"80","Homem Branco",4681.35338537584,4827.45735942209,89203403074.7277,91987420988.9448,0.0619636314126394,0.877294728628967,0.502778340467557,0.516249213518677,"2016T4"
"81","Mulher Branca",3505.71146530236,3882.56601386717,52434084152.9469,58070607097.9873,0.0919953562955465,0.662549932044439,0.483825924863595,0.505724352575271,"2017T1"
"82","Mulher Negra",2013.58973826919,2254.54121469928,30809776907.9007,34496556341.3425,0.142326110809424,0.60078575615112,0.417252242685208,0.463184442246529,"2017T1"
"83","Homem Negro",2545.27753055691,2769.49017456356,57012031412.633,62034202138.5184,0.106093012819079,0.851439743288964,0.428383344575195,0.470993117132821,"2017T1"
"84","Homem Branco",4696.8447660015,5185.41397886767,88626245652.1936,97845212263.7807,0.0698226861322806,0.875900445061034,0.501305512018007,0.530175543058249,"2017T1"
"85","Homem Negro",2554.8794226238,2534.7369400663,58024763509.0629,57567300516.2754,0.101367440265824,0.852237548916276,0.43237609440439,0.454424569856201,"2017T2"
"86","Mulher Negra",2020.96762854862,2005.08032613361,31833835666.8097,31583582388.566,0.132407833443227,0.608812634565712,0.422391166823218,0.438799714274865,"2017T2"
"87","Mulher Branca",3421.8363010589,3456.57488614474,51510448274.4948,52033383895.2432,0.0896670171460466,0.664230246874801,0.47931734265876,0.494292755590322,"2017T2"
"88","Homem Branco",4647.33337305619,4688.001792232,88094702131.7611,88865611379.2521,0.0643957112390514,0.874228446589158,0.50172823624689,0.518119061467587,"2017T2"
"89","Homem Negro",2552.6950681555,2542.8884452727,58359569731.1663,58135371275.5437,0.0945478941534463,0.850181767823953,0.430605322102565,0.454373444572411,"2017T3"
"90","Mulher Negra",2013.65944531623,2025.91456456848,32280169948.2692,32476626868.0919,0.12628142764208,0.612911009542159,0.426516282659577,0.444663841579313,"2017T3"
"91","Mulher Branca",3418.36141902079,3484.61264143018,51964135091.1229,52971251381.4242,0.0853889922453875,0.665114676968696,0.477769618862112,0.493192055589134,"2017T3"
"92","Homem Branco",4697.23707777561,4754.08486103443,90121486162.3652,91212171309.2916,0.0621289382753207,0.87794602267075,0.505171513377718,0.520861294396127,"2017T3"
"93","Mulher Negra",2046.64450865057,2113.23090225496,33771855567.0849,34870603326.1782,0.119547713304056,0.614974832202055,0.434548996576268,0.454907721159543,"2017T4"
"94","Homem Branco",4748.10698513069,4899.27671148993,90242370035.6297,93115497036.9834,0.0618708179946353,0.878347016793317,0.512708648547232,0.525948076414352,"2017T4"
"95","Homem Negro",2647.51291513021,2722.53796387908,61684727544.3921,63432745340.5021,0.0881612871139921,0.848710378668829,0.444428511602382,0.469396098245852,"2017T4"
"96","Mulher Branca",3431.98547039619,3588.23382353062,51924882052.4636,54288871462.4946,0.0807333269558119,0.666849727338711,0.481506361154061,0.496130611926674,"2017T4"
"97","Mulher Branca",3464.18579012421,3866.33543043083,51927950902.6809,57956151479.2512,0.0920056774112477,0.667037033539582,0.482340890200248,0.508906272556487,"2018T1"
"98","Mulher Negra",2067.32779144765,2292.55353736136,33413194568.3482,37053406682.3384,0.132132019775595,0.609262487267786,0.433679910578576,0.475254062185741,"2018T1"
"99","Homem Negro",2653.24404517471,2877.03373384069,61634634745.1628,66833250283.6566,0.0986607094987376,0.847993042740586,0.4412222000974,0.481844828749672,"2018T1"
"100","Homem Branco",4750.57027192286,5218.0633092445,89136892836.5804,97908655884.8764,0.0654456249067376,0.874166652849152,0.510098930782988,0.534473568980502,"2018T1"
"101","Mulher Branca",3480.48699512377,3483.68222654179,52535425678.3293,52583655378.0586,0.0873768107328532,0.667875936485,0.485391190986775,0.494038222303061,"2018T2"
"102","Homem Branco",4779.69998764446,4847.78175508983,90074915544.254,91357937380.059,0.0620061931768147,0.872413704524484,0.514413834351217,0.531051165831741,"2018T2"
"103","Mulher Negra",2049.10925771385,2058.95922539205,33538101571.3046,33699317580.2714,0.126759283353408,0.611151287418319,0.434225857061392,0.455547867027235,"2018T2"
"104","Homem Negro",2647.67333604085,2631.98460586495,61274737293.9451,60911655184.4877,0.0954989915605407,0.844196749190785,0.440689285675035,0.462806652081781,"2018T2"
"105","Mulher Negra",2056.6215888518,2069.09321795749,34138293994.9099,34345313187.6059,0.123026451112505,0.617447020626069,0.44055928085254,0.459083682604614,"2018T3"
"106","Homem Negro",2595.12603719923,2599.97898903465,61118165394.6774,61232457921.7755,0.0902097562502575,0.850211270961388,0.43788718932592,0.462667851397782,"2018T3"
"107","Homem Branco",4770.94500599129,4827.68137266512,90711533353.8134,91790280396.8927,0.0574685742873442,0.874487287038144,0.514746613696843,0.531685445806943,"2018T3"
"108","Mulher Branca",3519.84722976507,3566.72195932109,54110439623.9688,54831042553.0058,0.0814286663410182,0.6719101590706,0.495812387768638,0.508708206979463,"2018T3"
"109","Mulher Negra",2096.15077523784,2169.29149503092,35494012744.3717,36732500772.5879,0.121167527329625,0.620230534948655,0.445562102488111,0.467016879856601,"2018T4"
"110","Homem Negro",2653.66928598309,2726.6519516208,63393346104.4911,65136824618.1242,0.0850066008940694,0.8501892474462,0.443234808561101,0.467879870842808,"2018T4"
"111","Homem Branco",4823.33101649018,4972.6580318517,91115954762.7922,93936842139.1771,0.0569854403907723,0.870850459448094,0.514760496701456,0.530956912485635,"2018T4"
"112","Mulher Branca",3542.15515001497,3678.46712640363,54235294630.226,56322419526.7841,0.0815430392807782,0.673757035096286,0.493213036118505,0.505557674448937,"2018T4"
"113","Mulher Negra",2091.18362557591,2328.93125236796,34658571283.322,38598920169.8736,0.13762765903316,0.61849139204973,0.43534471735984,0.481444882063442,"2019T1"
"114","Homem Negro",2671.95511252167,2907.32122275874,63283422193.5536,68857906904.9116,0.0919139438523849,0.8457260509094,0.446521525655044,0.486827650855048,"2019T1"
"115","Mulher Branca",3642.63148888224,4099.83086124759,55572503274.7222,62547601825.1853,0.0887282519814956,0.672554801503276,0.499185687827776,0.52837153755263,"2019T1"
"116","Homem Branco",4755.18733917902,5226.81924487118,89675619953.3062,98569882264.3271,0.0615463626518607,0.87056644835941,0.507742985842924,0.536585383479178,"2019T1"
"117","Mulher Negra",2045.6523198762,2043.88548231276,34901224103.6737,34871079785.8161,0.128087178221043,0.625444581461451,0.43327848228364,0.449571465767804,"2019T2"
"118","Homem Negro",2662.23330904196,2651.17077885018,63718430632.2125,63453657796.4707,0.0871277085272587,0.847284286131875,0.45020298502277,0.470815202619633,"2019T2"
"119","Homem Branco",4704.03538038905,4724.67703172986,89362663619.054,89754793523.7314,0.0583167769178096,0.872750995484735,0.508355827193554,0.522586794520976,"2019T2"
"120","Mulher Branca",3618.6556647464,3670.32185015941,55875253058.5256,56673024787.0284,0.0849897832279919,0.679998358678621,0.502871074564609,0.518641505140295,"2019T2"
"121","Mulher Negra",2061.8200871854,2077.40940949831,35434099365.7304,35702014883.3419,0.126194200538113,0.625610041999775,0.438506794369459,0.458859012507673,"2019T3"
"122","Homem Negro",2623.09303596227,2633.72730457266,63739014341.8273,63997418367.2202,0.085594484789828,0.852196576657688,0.440425603144831,0.465654822921351,"2019T3"
"123","Homem Branco",4840.99960463445,4879.02319359763,92104564692.1253,92827999188.202,0.0552868030434189,0.870779997455257,0.519728455051336,0.535248601086096,"2019T3"
"124","Mulher Branca",3603.54498870625,3642.13038559269,55921125158.6577,56519907417.6125,0.083637675481884,0.679284714105556,0.500805683996987,0.512854596313446,"2019T3"
"125","Mulher Negra",2068.45206012577,2161.08215399943,36135905649.2975,37754155545.9379,0.12065917909963,0.623259237808778,0.434261898544719,0.457393717033483,"2019T4"
"126","Homem Negro",2676.16181242303,2778.44692347545,66297329272.1662,68831267861.2317,0.0790816541886804,0.849324168716711,0.446452528565715,0.470365309447516,"2019T4"
"127","Mulher Branca",3653.22716859409,3815.9043503431,56972850703.3645,59509835774.6207,0.0763017499647684,0.683428611869,0.501160706974588,0.513686817562302,"2019T4"
"128","Homem Branco",4833.4115742789,5018.78153323013,91144583999.7781,94640141440.9393,0.0524910237862691,0.872213807960407,0.514307033744444,0.528705676877507,"2019T4"
"129","Mulher Negra",2072.54895045781,2300.61293167238,34788443122.7891,38616575064.902,0.133051450710601,0.610071202560193,0.427569272502296,0.473044628973184,"2020T1"
"130","Homem Branco",4912.99742641911,5406.19216401559,92625408458.3667,101923675901.728,0.060176376719116,0.86734158127125,0.515578636965984,0.542240753257829,"2020T1"
"131","Homem Negro",2695.97391332924,2948.20057469184,65329663830.3272,71441697375.754,0.0871829095894365,0.842198327465171,0.447154101908382,0.489425407047747,"2020T1"
"132","Mulher Branca",3589.69463654376,3973.40899935312,55532778223.4504,61468861029.5249,0.0851343209563048,0.674496966055819,0.489200806122426,0.513072066184577,"2020T1"
"133","Mulher Negra",2192.10204186271,2044.75339297332,32242592023.8872,30075310446.3495,0.14742664464347,0.544517385706769,0.430453215233683,0.492282088026514,"2020T2"
"134","Homem Negro",2751.38669749587,2537.73764298692,60102855829.9124,55435784373.5315,0.109616450232026,0.785785334582535,0.441831865435233,0.487568290297531,"2020T2"
"135","Mulher Branca",3711.00645466498,3422.71239512843,52691378276.2661,48597984332.7592,0.090071613481306,0.617731981948773,0.481949185127178,0.5187631813792,"2020T2"
"136","Homem Branco",4912.87918652496,4589.08351164533,89305388540.5098,83419492011.2049,0.0740776013521159,0.83045678828467,0.510172898420933,0.551008028836804,"2020T2"
"137","Mulher Negra",2214.3020496831,2119.89607397346,32032609571.2169,30666910721.9882,0.165897771157894,0.551193387691637,0.445025501742748,0.47817658819713,"2020T3"
"138","Homem Negro",2714.52238507545,2593.4936612797,60289133074.9181,57601103359.2941,0.11750432812008,0.803375382241101,0.444911989555294,0.480486501272935,"2020T3"
"139","Mulher Branca",3842.01661121342,3664.79229430403,52874721735.6996,50435719672.5555,0.110599494677214,0.607939092543488,0.497661698066167,0.521785351656035,"2020T3"
"140","Homem Branco",5011.00996447546,4762.69996607416,90280055786.8552,85806418602.5297,0.0788034856942499,0.828336234028434,0.523613820841092,0.548034457570793,"2020T3"
"141","Mulher Negra",2110.8468283449,2123.54712572964,31953782385.1547,32146038181.9322,0.158049294947109,0.575741202425065,0.442591750133943,0.466144976042415,"2020T4"
"142","Homem Negro",2652.48514541802,2671.13051138139,60736625116.0734,61163566848.2921,0.105866194598465,0.822738880092407,0.439685713529798,0.466653339164623,"2020T4"
"143","Mulher Branca",3699.10380086172,3756.4991871857,53997491352.3492,54835317767.4858,0.110678338993879,0.633867191341514,0.491623533248912,0.510406440236238,"2020T4"
"144","Homem Branco",4779.77565410717,4782.70576122192,89353521436.9735,89408297101.7405,0.0737145572539054,0.84116330497717,0.514799316952576,0.533388883897715,"2020T4"
"145","Mulher Negra",2120.61282429789,2258.39287766619,31817065041.0548,33884277343.6262,0.179448723608332,0.581715678157786,0.436289239777579,0.474943798801178,"2021T1"
"146","Homem Negro",2642.16596161749,2785.08906553431,61183469116.9916,64493076250.5443,0.106898874840606,0.829930516205779,0.446288813847787,0.486665265276315,"2021T1"
"147","Mulher Branca",3591.22961928509,3883.66309966684,51885027354.6073,56110020111.2751,0.114092959522837,0.63088300344685,0.491098202366175,0.52189782559617,"2021T1"
"148","Homem Branco",4749.80206026724,5031.00198497265,89120469256.5313,94396619489.0395,0.077506254210469,0.847118225190604,0.520379529566981,0.54570965328594,"2021T1"
"149","Mulher Negra",2079.96588253923,2073.71090684483,32233995331.2552,32137059675.2317,0.166491410233664,0.587892487594992,0.443039292744288,0.466375649762995,"2021T2"
"150","Homem Negro",2590.30941614603,2574.65502574564,60821617462.0219,60454045411.1312,0.100513433962828,0.833648646988341,0.445729989240135,0.472722927345785,"2021T2"
"151","Mulher Branca",3492.61558180298,3478.42899518963,51353539736.1844,51144947802.0577,0.114412051459733,0.642376302947908,0.491050156178517,0.509235107943368,"2021T2"
"152","Homem Branco",4560.94494510785,4619.00820909879,86978197576.2938,88085476464.3552,0.0753444503262043,0.857283404935456,0.509003925258185,0.531706389375358,"2021T2"
"153","Mulher Negra",2021.62959798823,2042.60703219406,32973646660.9699,33315797618.8135,0.151494536224229,0.603302125455042,0.440341122261088,0.465899369440194,"2021T3"
"154","Homem Negro",2538.34783976365,2547.35684968771,61972331152.7883,62192281049.9719,0.0840438279687855,0.841199879092513,0.444519340941042,0.469410791214614,"2021T3"
"155","Mulher Branca",3392.78667665887,3435.14601097109,51687504833.6016,52332829313.3497,0.0968338437069166,0.655912188871932,0.492565180245947,0.511542361772626,"2021T3"
"156","Homem Branco",4401.80848635114,4422.94765358268,84938829409.5223,85346738141.787,0.0629412856080517,0.860573420423478,0.508659103410537,0.524992794726131,"2021T3"
"157","Mulher Negra",1979.32872909426,2043.91326098596,33623311386.4894,34720423652.1914,0.132661569817502,0.608777115321157,0.437958652531051,0.460651732747465,"2021T4"
"158","Homem Negro",2513.62746137754,2578.92681324447,62740575264.8259,64370458357.4883,0.0743818955959882,0.846138945044663,0.443989717705335,0.468322545249976,"2021T4"
"159","Mulher Branca",3260.56648947494,3386.81768406179,51333069451.9467,53320718334.7521,0.0835953260423689,0.670386150141714,0.486432650802271,0.502676715669622,"2021T4"
"160","Homem Branco",4214.83049405687,4342.79476042957,81985173372.7223,84474282384.0746,0.0540578523462908,0.862028126837582,0.497425469704467,0.512210944130857,"2021T4"
"161","Mulher Negra",2023.31178735129,2244.3598061079,34596782085.769,38376501149.9398,0.130901473153121,0.605332847664925,0.430188648881085,0.475576579185145,"2022T1"
"162","Homem Negro",2538.09646593258,2735.10467726275,62767097446.8429,67639108327.582,0.0787312926313148,0.838336379655519,0.434074643730128,0.472748791691629,"2022T1"
"163","Mulher Branca",3272.65520141207,3640.78863614866,50859439518.4291,56580500554.9289,0.0812134924146256,0.6620553497518,0.472857907535399,0.504768891107233,"2022T1"
"164","Homem Branco",4283.86403413768,4702.04291196427,83521221275.3931,91674330316.5116,0.0530170730502586,0.861008369209033,0.493601486898115,0.522556168883057,"2022T1"
"165","Mulher Negra",2017.81220952496,2035.3153175305,35992481540.0204,36304691114.7314,0.108625745492192,0.615027908436685,0.430946692797079,0.452616018586014,"2022T2"
"166","Homem Negro",2530.20401905149,2555.6088841897,64066118274.0967,64709383039.478,0.0627261580564673,0.841781642784172,0.434418865346743,0.45918205218004,"2022T2"
"167","Mulher Branca",3334.16094716872,3376.52255766976,53428132066.2165,54106954041.5951,0.0680298032172448,0.668483530354989,0.480501363185795,0.493223815545207,"2022T2"
"168","Homem Branco",4457.30445742282,4534.4360514034,88778517312.1122,90314788530.9454,0.0436103214959882,0.863951381550048,0.506058581751859,0.523787753438228,"2022T2"
"169","Mulher Negra",2105.73792822317,2116.11927445493,38076326598.5398,38264043941.8782,0.104731195356294,0.618389757966803,0.438789655668188,0.460701097860692,"2022T3"
"170","Homem Negro",2644.15938209257,2645.08337952465,67785080628.436,67808768020.6781,0.0578700689296731,0.844351707478171,0.443623654555267,0.467356319197279,"2022T3"
"171","Mulher Branca",3461.35201412526,3496.71705267318,56187714163.4545,56761790613.6973,0.0624349743705754,0.67081825164218,0.485435842165316,0.499053279006148,"2022T3"
"172","Homem Branco",4567.47543268578,4610.8213538764,91138431115.7477,92003346386.952,0.041320851117833,0.864309282188813,0.504891632896033,0.523781602172676,"2022T3"
"173","Homem Negro",2730.02337869795,2829.2539403641,70261143490.0981,72814987089.4717,0.0571814083808671,0.842252090326056,0.449924052449205,0.471222369948009,"2022T4"
"174","Mulher Negra",2122.64403405687,2201.24293054749,38709994841.3706,40143378314.4696,0.0949081585211367,0.611001262545598,0.433164432629383,0.453593630346404,"2022T4"
"175","Homem Branco",4665.37463612727,4865.14916678664,93234170878.4778,97226521800.1874,0.0367377620648321,0.860883324010714,0.506708227704621,0.521310443487891,"2022T4"
"176","Mulher Branca",3492.38377734496,3661.61630939912,56565930297.3472,59306979455.3228,0.0567012039064805,0.667363297100063,0.478066487859905,0.492514879490045,"2022T4"
"177","Homem Negro",2751.01124710717,2976.99632506632,70059007604.5507,75814087781.6686,0.0639450837791622,0.835109676389144,0.448963863686004,0.485644351312658,"2023T1"
"178","Mulher Negra",2181.84341884483,2397.05754265225,39360565483.9075,43243039148.1582,0.10398984921956,0.603593200188671,0.432816533876576,0.47207940237513,"2023T1"
"179","Homem Branco",4605.67841400963,5014.83234337327,91202471924.8945,99304611588.4542,0.0429706861161486,0.856893795429124,0.505141605127392,0.527263691910775,"2023T1"
"180","Mulher Branca",3552.6931184278,3969.75144363816,56552954425.1237,63191827998.4982,0.0623928402660505,0.664376706760632,0.484466417093245,0.515645661738745,"2023T1"
"181","Homem Negro",2735.52021618342,2734.19543411664,70048136641.1836,70014213106.3895,0.0598892547917119,0.83735624449735,0.443319786836582,0.46078224755729,"2023T2"
"182","Mulher Negra",2159.57816749598,2164.33183272744,39282785322.7445,39369254621.9782,0.095282029468251,0.603206212013764,0.430468730159191,0.4498188764519,"2023T2"
"183","Homem Branco",4612.95461416919,4703.1287372188,92134523787.5314,93935571181.2375,0.0415555939170554,0.858068011369003,0.502379074156124,0.520462958638745,"2023T2"
"184","Mulher Branca",3579.11276333252,3606.47677489387,58042650172.4756,58486413712.6027,0.0533018055201559,0.667115564163788,0.483849330843441,0.495509400981973,"2023T2"
"185","Homem Negro",2759.91469931246,2784.97216601888,71711212755.1381,72362284082.2832,0.0554011040230943,0.843150513838974,0.443281481933809,0.46447922880543,"2023T3"
"186","Mulher Negra",2178.16958736946,2200.88866621365,40152236922.8034,40571038948.9218,0.0910913265352457,0.60612846033806,0.432979411517408,0.450095644140674,"2023T3"
"187","Homem Branco",4708.00409921614,4788.14380082351,94901946087.6784,96517368139.3908,0.0385285856739171,0.86034798576948,0.504216641644234,0.519462880765786,"2023T3"
"188","Mulher Branca",3652.0587145593,3698.89018977351,59538236642.5594,60301713812.9862,0.0534217173583054,0.669313698534127,0.484543067082086,0.496812668831808,"2023T3"
"189","Homem Negro",2798.7109664319,2888.34600373269,74008904286.3002,76379206534.6781,0.0513099870123878,0.846792780557489,0.446152168515255,0.465057616795093,"2023T4"
"190","Mulher Negra",2184.14487000984,2271.60550928104,41134724785.0139,42781900013.7919,0.088208311378955,0.612548922550191,0.43612384651351,0.457066712560845,"2023T4"
"191","Homem Branco",4750.46044667364,4916.01634342479,95809679474.1212,99148694203.5008,0.0375444403401805,0.864939789577416,0.507576885483104,0.519535694961633,"2023T4"
"192","Mulher Branca",3701.24947280853,3841.23992738218,61083259980.4104,63393580696.244,0.0554442426956609,0.678335121205467,0.485035442981825,0.496434009176483,"2023T4"
"193","Homem Negro",2813.24237938045,3076.91901312351,74031049760.9155,80969754415.9058,0.0555223733300841,0.843730370849677,0.438054241916689,0.479562995060405,"2024T1"
"194","Mulher Negra",2240.56461028545,2467.35085561692,41707829926.5295,45929427512.4861,0.0939427397238373,0.605155833775966,0.431327995431275,0.474347884001872,"2024T1"
"195","Homem Branco",4832.66613531834,5270.69874939939,97481029008.991,106316704548.019,0.0375875866279235,0.864471861842135,0.505952797409009,0.527134940465658,"2024T1"
"196","Mulher Branca",3752.51218931893,4126.48142168917,61226093875.8164,67327786334.7882,0.0579230688218219,0.67492337604368,0.484093193429544,0.506091202751122,"2024T1"
"197","Mulher Negra",2277.64700748922,2293.95229301,43632255366.7213,43944611223.1516,0.0794982890549939,0.608017097534881,0.429761009638241,0.448007265677006,"2024T2"
"198","Homem Negro",2858.49550063551,2885.43667536146,76736016813.0579,77459249869.1445,0.0476506616453119,0.846235655732804,0.437937326658357,0.459440930153505,"2024T2"
"199","Mulher Branca",3813.35594520004,3850.28057483888,62612929560.0173,63219208981.0392,0.0534990291718988,0.678092790014022,0.485153026573244,0.497161745159246,"2024T2"
"200","Homem Branco",4955.96823649799,5041.2138131539,99998650815.1602,101718686587.539,0.0349704574623655,0.867030151610298,0.508919166840315,0.523628551736692,"2024T2"
"201","Brasil",3144.17007233874,3330.01680761272,212312745005.844,224862203084.95,0.0555247605922243,0.724932900331476,0.509062968147191,0.527832722782478,"2012T1"
"202","Brasil",3142.22837171448,3129.60717944865,215154660474.685,214290462200.242,0.0533265375269112,0.732829535455503,0.503496403813187,0.512296183529543,"2012T2"
"203","Brasil",2878.35199278424,2866.36720511729,133200130610.37,132645516273.215,0.0578889457234857,0.722401322622304,0.507338509232795,0.513017370514717,"2012T3"
"204","Brasil",3027.5020068433,3053.10504828161,161046656153.329,162408598837.983,0.055205608316402,0.724654197927428,0.505653271720803,0.512817574268411,"2012T4"
"205","Brasil",3183.21474133156,3318.90029696196,220068881825.533,229449388933.567,0.0575801054436003,0.731155758745216,0.497268702169094,0.511167086362548,"2013T1"
"206","Brasil",3220.38852027357,3204.52283125888,225425019499.646,224314431993.513,0.0541296256441206,0.735871748935638,0.497672578960191,0.504426300147315,"2013T2"
"207","Brasil",3249.71361653365,3234.38018078596,229560127847.836,228476972257.548,0.049677751921832,0.735381678674352,0.494332257290807,0.500580446714594,"2013T3"
"208","Brasil",3238.95135226227,3266.27525755214,230773327772.027,232720139522.4,0.0453062754877672,0.734924584877797,0.491180836426793,0.498368451444549,"2013T4"
"209","Brasil",3291.53435486478,3418.29326540936,233969893554.745,242980210814.049,0.0509574973169688,0.733413620317369,0.492119930699118,0.504848302130995,"2014T1"
"210","Brasil",3267.55879535862,3269.12691643766,234446115578.323,234558627676.425,0.0488984991666549,0.735154228612108,0.493070115295268,0.500865083362442,"2014T2"
"211","Brasil",3295.7340328425,3281.36875142155,237525675783.065,236490360692.914,0.0483463968870907,0.735681906283718,0.496146836092521,0.503579195526981,"2014T3"
"212","Brasil",3285.35273563473,3297.47266842347,238420201148.967,239299752614.495,0.0473409450293071,0.736669496352094,0.489605635171756,0.496887564371718,"2014T4"
"213","Brasil",3274.00753008098,3388.00980508627,235842400480.654,244054528873.908,0.0569364980504263,0.736167734253768,0.488479335454031,0.503144918777252,"2015T1"
"214","Brasil",3261.07296161327,3251.94205937979,236332497112.745,235670773517.128,0.0606735231138322,0.740561224050384,0.491945755566121,0.500343267915014,"2015T2"
"215","Brasil",3218.38564171808,3198.36327357361,234049222002.201,232593144263.688,0.0653782941330825,0.743188759087812,0.490990410195081,0.501610565657757,"2015T3"
"216","Brasil",3161.00872781684,3286.79452632591,231037500740.296,240231159796.159,0.0659006069605386,0.742267712784165,0.489445589933894,0.5042280572452,"2015T4"
"217","Brasil",3153.67717716311,3490.8731769642,228446592792.277,252872452805.964,0.0780127268836494,0.74148543485957,0.489010978835722,0.514216425897757,"2016T1"
"218","Brasil",3110.32626711219,3132.78029581317,225484061139.365,227111872868.949,0.0821159353308746,0.742870193876039,0.484168702707393,0.497240639229858,"2016T2"
"219","Brasil",3131.08337293319,3152.41808522313,226219254466.427,227760677077.593,0.0866437671650987,0.740950310156671,0.484883359047672,0.497766158230661,"2016T3"
"220","Brasil",3167.80536954725,3272.15176225432,229424008813.166,236981154826.676,0.0892141749621556,0.742731663069774,0.490161517114757,0.505898844072362,"2016T4"
"221","Brasil",3199.97900802905,3529.43115770102,228882138125.674,252446577841.629,0.102283651354568,0.74180715323073,0.48838274208174,0.519555260842026,"2017T1"
"222","Brasil",3166.21603117818,3174.30362568577,229463749582.129,230049878179.337,0.0968692756361664,0.744338506410998,0.487840531070105,0.505289898839692,"2017T2"
"223","Brasil",3175.83382067169,3204.08242331395,232725360932.924,234795420834.351,0.0918707729704792,0.745945976312806,0.489792931999546,0.507476891816623,"2017T3"
"224","Brasil",3213.91826661562,3323.25467176101,237623835199.57,245707717166.158,0.0875098059494368,0.746369566815535,0.49594102732226,0.512895183648652,"2017T4"
"225","Brasil",3227.97427789461,3551.14799499005,236112673052.772,259751464330.123,0.0969827526777078,0.74363272108702,0.493782422297954,0.524156588136975,"2018T1"
"226","Brasil",3232.46369728688,3247.84002834972,237423180087.833,238552565522.877,0.0929484423138416,0.742957663795607,0.496539516170742,0.513498156382411,"2018T2"
"227","Brasil",3220.94592161916,3249.39719298218,240078432367.37,242199094059.28,0.0881134787056643,0.747846505680073,0.499214061896055,0.51704343876554,"2018T3"
"228","Brasil",3255.47556761319,3360.64171413457,244238608241.881,252128587056.673,0.0861475891243094,0.748152844497712,0.499933643404802,0.517359135948936,"2018T4"
"229","Brasil",3269.88856306308,3611.19966677894,243190116704.904,268574311164.298,0.0947870947616887,0.746115794642242,0.497934417038778,0.530740949707251,"2019T1"
"230","Brasil",3232.75832561115,3244.62290915017,243857571413.466,244752555893.047,0.0895716689469077,0.750668345377356,0.499588989958283,0.515823412533791,"2019T2"
"231","Brasil",3251.36147565272,3275.67494165362,247198803558.341,249047339856.377,0.0876745908758062,0.751525626151641,0.502173464083171,0.519516080741596,"2019T3"
"232","Brasil",3266.81429615404,3399.60829298112,250550669624.606,260735400622.73,0.0822884391178404,0.751004441505166,0.500697337767633,0.517630172347708,"2019T4"
"233","Brasil",3295.37464185007,3629.51633361573,248276293634.933,273450809371.909,0.0911647142702314,0.742393451668128,0.498606897548598,0.529937925883132,"2020T1"
"234","Brasil",3399.7335539884,3155.80862533231,234342214670.575,217528571163.845,0.10521478068686,0.687595179400538,0.493149598187301,0.535579397361289,"2020T2"
"235","Brasil",3439.890635324,3279.69162306536,235476520168.69,224510152356.368,0.117429173992024,0.691793642649576,0.505023805519158,0.531790181310498,"2020T3"
"236","Brasil",3309.2652782211,3330.46048178834,236041420290.551,237553219899.451,0.110708712876399,0.713081242450669,0.49870373781232,0.518839122025383,"2020T4"
"237","Brasil",3278.72884662179,3487.18845094242,234006030769.185,248883993194.485,0.11768514150033,0.717195644920014,0.499975360937242,0.531151430541286,"2021T1"
"238","Brasil",3180.51706526859,3186.48504279157,231387350105.755,231821529352.776,0.112286063456221,0.724635211653622,0.49638876760946,0.518914242209576,"2021T2"
"239","Brasil",3077.1381141256,3098.60270970089,231572312056.882,233187646123.922,0.097297612923353,0.734898292581564,0.494730337057263,0.514591093171475,"2021T3"
"240","Brasil",2977.37082022257,3070.75311678642,229682129475.984,236885882728.506,0.0850984293293078,0.741316973405143,0.48793301742262,0.506206805293914,"2021T4"
"241","Brasil",3014.89634178152,3307.94856850321,231744540326.434,254270440348.962,0.0853755875660855,0.735962121733947,0.479597088138689,0.513298944897542,"2022T1"
"242","Brasil",3062.775294129,3102.85836813488,242265249192.446,245435816726.75,0.0701009250670194,0.741969302655846,0.487676133652712,0.506398441753845,"2022T2"
"243","Brasil",3168.62211940104,3189.27670003802,253187552506.178,254837948963.206,0.0660042688345963,0.744196794389912,0.491192505392974,0.51009837456877,"2022T3"
"244","Brasil",3228.41075238924,3362.16049998979,258771239507.294,269491866659.452,0.0611664711227989,0.73992007703274,0.490728471813782,0.50759275301607,"2022T4"
"245","Brasil",3246.04420081281,3553.74870732174,257174999438.476,281553566516.779,0.0681571750261565,0.73418925168583,0.489496095873619,0.51935523823704,"2023T1"
"246","Brasil",3244.3803406715,3273.10198375107,259508095923.935,261805452622.208,0.0625537562086971,0.735615403631693,0.487169572654238,0.503781266845181,"2023T2"
"247","Brasil",3292.68749871057,3335.3295394602,266303632408.179,269752404983.582,0.0594318339039237,0.739065474935501,0.489318631225615,0.505397420416557,"2023T3"
"248","Brasil",3319.57657684588,3437.53765069613,272036568525.846,281703381448.215,0.0577017658134752,0.74481137697926,0.491410222697596,0.505848929449712,"2023T4"
"249","Brasil",3370.85274735258,3691.39450274321,274446002572.252,300543672811.199,0.060894006255132,0.740846159715074,0.487821932132647,0.516906420529267,"2024T1"
"250","Brasil",3425.97183111892,3466.67362900949,282979852554.957,286341756660.875,0.0534727569068719,0.743462536989211,0.488603852580127,0.504906506110274,"2024T2"
"251","Invisivel",0,0,0,0,0,0,0,0,"2012T1"
"252","Invisivel",0,0,0,0,0,0,0,0,"2012T2"
"253","Invisivel",0,0,0,0,0,0,0,0,"2012T3"
"254","Invisivel",0,0,0,0,0,0,0,0,"2012T4"
"255","Invisivel",0,0,0,0,0,0,0,0,"2013T1"
"256","Invisivel",0,0,0,0,0,0,0,0,"2013T2"
"257","Invisivel",0,0,0,0,0,0,0,0,"2013T3"
"258","Invisivel",0,0,0,0,0,0,0,0,"2013T4"
"259","Invisivel",0,0,0,0,0,0,0,0,"2014T1"
"260","Invisivel",0,0,0,0,0,0,0,0,"2014T2"
"261","Invisivel",0,0,0,0,0,0,0,0,"2014T3"
"262","Invisivel",0,0,0,0,0,0,0,0,"2014T4"
"263","Invisivel",0,0,0,0,0,0,0,0,"2015T1"
"264","Invisivel",0,0,0,0,0,0,0,0,"2015T2"
"265","Invisivel",0,0,0,0,0,0,0,0,"2015T3"
"266","Invisivel",0,0,0,0,0,0,0,0,"2015T4"
"267","Invisivel",0,0,0,0,0,0,0,0,"2016T1"
"268","Invisivel",0,0,0,0,0,0,0,0,"2016T2"
"269","Invisivel",0,0,0,0,0,0,0,0,"2016T3"
"270","Invisivel",0,0,0,0,0,0,0,0,"2016T4"
"271","Invisivel",0,0,0,0,0,0,0,0,"2017T1"
"272","Invisivel",0,0,0,0,0,0,0,0,"2017T2"
"273","Invisivel",0,0,0,0,0,0,0,0,"2017T3"
"274","Invisivel",0,0,0,0,0,0,0,0,"2017T4"
"275","Invisivel",0,0,0,0,0,0,0,0,"2018T1"
"276","Invisivel",0,0,0,0,0,0,0,0,"2018T2"
"277","Invisivel",0,0,0,0,0,0,0,0,"2018T3"
"278","Invisivel",0,0,0,0,0,0,0,0,"2018T4"
"279","Invisivel",0,0,0,0,0,0,0,0,"2019T1"
"280","Invisivel",0,0,0,0,0,0,0,0,"2019T2"
"281","Invisivel",0,0,0,0,0,0,0,0,"2019T3"
"282","Invisivel",0,0,0,0,0,0,0,0,"2019T4"
"283","Invisivel",0,0,0,0,0,0,0,0,"2020T1"
"284","Invisivel",0,0,0,0,0,0,0,0,"2020T2"
"285","Invisivel",0,0,0,0,0,0,0,0,"2020T3"
"286","Invisivel",0,0,0,0,0,0,0,0,"2020T4"
"287","Invisivel",0,0,0,0,0,0,0,0,"2021T1"
"288","Invisivel",0,0,0,0,0,0,0,0,"2021T2"
"289","Invisivel",0,0,0,0,0,0,0,0,"2021T3"
"290","Invisivel",0,0,0,0,0,0,0,0,"2021T4"
"291","Invisivel",0,0,0,0,0,0,0,0,"2022T1"
"292","Invisivel",0,0,0,0,0,0,0,0,"2022T2"
"293","Invisivel",0,0,0,0,0,0,0,0,"2022T3"
"294","Invisivel",0,0,0,0,0,0,0,0,"2022T4"
"295","Invisivel",0,0,0,0,0,0,0,0,"2023T1"
"296","Invisivel",0,0,0,0,0,0,0,0,"2023T2"
"297","Invisivel",0,0,0,0,0,0,0,0,"2023T3"
"298","Invisivel",0,0,0,0,0,0,0,0,"2023T4"
"299","Invisivel",0,0,0,0,0,0,0,0,"2024T1"
"300","Invisivel",0,0,0,0,0,0,0,0,"2024T2"
