raca,Ano_trimestre,t10,t5,t1,b10,b5,b1
Homem Pardo,2012T1,13.223719286603,11.8831205779039,8.30324506807258,17.411951329126,16.6209189485865,14.9981456374883
Mulher Branca,2012T1,23.3117001840006,24.2364193863774,19.3896807368017,11.8326867362953,10.9761496782937,10.3199008788043
Mulher Parda,2012T1,6.66921996145342,5.20428362472943,3.84202721783519,24.4029416294216,25.4019134706044,26.8372744061721
Homem Preto,2012T1,11.6998611268127,9.57767233783536,10.1809045657795,12.7228646753988,12.6271965563967,10.4412676084814
Homem Branco,2012T1,36.7963729463701,42.0497771025549,54.0711457441822,6.01421572753089,5.27613547739988,4.98765142191588
Mulher Preta,2012T1,8.29912649476023,7.04872697059896,4.21299666732886,27.6153399022275,29.0976858687189,32.415760047138
Mulher Branca,2012T2,23.9418634219102,25.1192131990467,22.5340201377509,10.7964221446105,10.4204107430439,9.95737389665182
Homem Pardo,2012T2,12.8438542345518,11.363342716115,9.69672997566304,17.3922115196144,17.0463771305027,14.6515111792369
Mulher Preta,2012T2,8.21671755861669,6.74242387880824,4.0916605038908,27.8647193586429,29.0099098128962,28.9649237273757
Homem Preto,2012T2,11.1469731347293,9.00336452710658,6.39999099321897,11.8581304390022,11.3724909407584,10.8543033844555
Homem Branco,2012T2,36.9787813896454,42.9109584555534,54.8943195979319,5.75838180666384,5.22241933420668,5.15492722816561
Mulher Parda,2012T2,6.87181026054661,4.86069722337016,2.38327879154443,26.3301347314661,26.9283920385922,30.4169605841145
Mulher Branca,2012T3,24.2441539573432,25.0517913638852,22.5933612678327,11.2587753622012,10.687891190172,9.16521976945439
Homem Pardo,2012T3,12.7793566775075,11.6071100724031,9.52377919991444,16.7602424239157,15.9151845162474,15.0438536333094
Mulher Preta,2012T3,8.28389072467296,6.61461098693223,4.13890659348326,28.2928862814891,29.9498047690322,30.36685520154
Homem Branco,2012T3,36.171499501548,42.1786578425819,56.4306237388278,5.82610104590367,5.26150162802128,4.36502973571865
Mulher Parda,2012T3,6.64286010608231,4.30219533246009,2.00821636406294,25.2747090443626,25.9549187352463,29.927345785765
Homem Preto,2012T3,11.878239032846,10.2456344017376,5.30511283587883,12.5872858421277,12.2306991612808,11.1316958742126
Mulher Preta,2012T4,8.00565728398456,6.1444435160645,4.21884287802477,29.6502116555019,31.0283204910841,32.7157158824733
Mulher Branca,2012T4,23.2270155542661,24.5668950679544,21.521536938247,11.2829912835601,10.7084359723597,9.63230837274993
Homem Pardo,2012T4,12.4914431299066,10.9347959501016,8.95606341561885,17.4388886179825,16.6818532222775,15.5687523595329
Homem Preto,2012T4,12.8264539716374,10.5984022308997,6.42996685664868,11.5552993754054,11.1152061270753,10.2778696714409
Homem Branco,2012T4,35.8333807907598,42.6509648197293,56.0935936438527,5.68328351758395,4.87147776371193,4.50763603606271
Mulher Parda,2012T4,7.61604926944554,5.1044984152506,2.77999626760804,24.3893255499662,25.5947064234915,27.2977176777402
Mulher Branca,2013T1,23.6584496108406,24.5894556455684,21.0016517359349,10.9476784924739,11.2064680376416,10.3038364996887
Homem Pardo,2013T1,12.1883966926094,10.7981378359862,9.01479320838777,17.620806964262,16.2332916667101,14.9940093279211
Mulher Preta,2013T1,7.78630668923425,6.37763167591246,3.3796529269376,28.8381601224195,30.5645567583846,34.4667447758538
Homem Preto,2013T1,13.2471688501709,11.5066628203698,9.89927405614102,12.7974206990875,10.9818573377947,10.084078987805
Mulher Parda,2013T1,7.62964653100642,5.40129866499328,2.71921003623215,23.9771513765391,25.5895700519111,23.761229178726
Homem Branco,2013T1,35.4900316261385,41.3268133571699,53.9854180363666,5.81878234521808,5.42425614755779,6.39010123000531
Mulher Preta,2013T2,7.91503306901253,6.67140539436802,3.41516536164297,28.4318880648272,29.7727752229068,30.9505942164249
Homem Pardo,2013T2,12.3283815795983,11.2333466674846,9.1072756195432,17.6454550296218,16.7678220021139,16.7201472087634
Homem Branco,2013T2,35.2285514496247,41.0369213861387,56.1804743670054,5.64881699514349,5.17851941294889,5.23831584810932
Mulher Parda,2013T2,8.03608209844044,5.88287872169406,3.43889715262052,24.4518542053401,25.6191610599318,24.5577688312271
Mulher Branca,2013T2,23.3134295475225,23.6878128349229,21.2007823035551,10.8722628994561,11.0344342233098,10.4229760268711
Homem Preto,2013T2,13.1785222558016,11.4876349953917,6.65740519563285,12.9497228056113,11.6272880787887,12.1101978686041
Homem Pardo,2013T3,12.4056222025983,11.8699465180174,9.63947353527272,18.2001889512147,17.0974436734095,16.1741736951479
Mulher Preta,2013T3,7.64158777241858,6.73866867562811,4.3226248132197,28.722692665943,31.4150701159026,34.2325601264501
Mulher Branca,2013T3,23.0798377462145,24.0799072537433,23.1039147131824,10.779530586039,10.6123836688304,10.0472264032612
Homem Branco,2013T3,35.3175353909811,40.4247279975545,52.8323686829694,5.79131889004992,5.32269558026839,4.62058081857154
Mulher Parda,2013T3,8.52774519441116,6.06825061319086,2.92934087314439,24.1654156066714,23.949886642869,24.1015591514022
Homem Preto,2013T3,13.0276716933764,10.8184989418659,7.1722773822114,12.340853300082,11.6025203187202,10.8238998051671
Homem Pardo,2013T4,12.5299759046159,11.8792925628702,9.34342155933335,18.0668963233673,16.7158354474784,16.7627833535155
Mulher Preta,2013T4,7.28233844430349,6.67352329187825,3.90456704737016,28.733443244602,30.0460255687947,34.0256745943335
Homem Branco,2013T4,36.47156157016,41.6136599626823,54.0498733561994,5.76690171565435,5.20826813051648,5.6856493355781
Mulher Branca,2013T4,23.4098652821761,23.1756146585668,21.2422926493159,10.2816698765426,9.92034798231812,10.4936495496706
Homem Preto,2013T4,12.5791904969353,10.6269150634959,7.74359059615591,13.1287676109668,12.5087755879517,11.7577323962852
Mulher Parda,2013T4,7.72706830180926,6.03099446050649,3.71625479162531,24.0223212288668,25.6007472829407,21.2745107706171
Homem Pardo,2014T1,12.7133837702277,11.9859478217574,10.3204213289857,18.3420086525501,17.7504527112468,15.9362783561306
Mulher Preta,2014T1,7.53026399642826,6.55465295934881,3.78650466207035,28.8601253016655,30.8133282314756,32.7069544727307
Mulher Branca,2014T1,24.053973541435,24.2539490696617,20.205179733031,11.1198434511868,9.73694199257422,10.3891395689215
Homem Preto,2014T1,11.3741233262976,10.2586508107713,8.93522242168117,12.122292593274,12.412479708803,13.4984839047342
Mulher Parda,2014T1,7.00515799064808,4.39455178777412,3.24603955675099,23.8361133871365,24.5609417547763,22.9910540107512
Homem Branco,2014T1,37.3230973749634,42.5522475506866,53.5066322974808,5.71961661418711,4.72585560112405,4.47808968673177
Homem Pardo,2014T2,12.328767367499,11.8995936717021,9.34191775242621,18.0749922470415,17.7910080013379,17.0221728438484
Mulher Preta,2014T2,7.57334949472008,6.66189973682299,3.95283711305833,27.7385109049465,29.6672089423292,31.4221034539701
Homem Branco,2014T2,36.6985791260451,41.1568940764149,53.0999143899586,5.57890119539497,4.94633079781608,5.05291159354322
Homem Preto,2014T2,12.0262229556272,10.7603725251473,9.07868988204143,13.6735161147493,12.4960097778871,10.8847031946224
Mulher Parda,2014T2,7.2189329383417,5.75814338631241,3.88000779294666,24.2278505132124,25.6194924064003,26.7993685910251
Mulher Branca,2014T2,24.1541481177669,23.7630966036004,20.6466330695687,10.7062290246554,9.47995007422943,8.81874032299089
Homem Pardo,2014T3,12.6586167860227,11.9568967222369,11.059624453399,17.4755275786023,17.2927062976183,12.9520827186874
Mulher Branca,2014T3,23.8635584513486,24.405007650918,21.8284093072375,10.7284333631699,9.69145795639967,8.50993473774143
Homem Branco,2014T3,36.075066391964,41.5083929669636,52.7963806320295,6.12370260746312,5.10356942792384,4.47552199647498
Mulher Preta,2014T3,7.2346815039223,6.46877149941157,3.9751463751497,27.6780810409107,30.7087511999941,30.4463846908679
Mulher Parda,2014T3,8.32447642590674,5.4481256986276,3.00828350052629,24.86413973112,24.9592141799148,30.6410895590347
Homem Preto,2014T3,11.8436004408356,10.2128054618423,7.33215573165802,13.130115678734,12.2443009381492,12.9749862971936
Mulher Branca,2014T4,23.2656523656657,24.8485046300704,22.453787767158,11.3528750283038,9.96107599910201,10.180168895265
Homem Branco,2014T4,36.0738228365362,42.0792409195319,49.5718754021102,6.06233871076936,5.11985252304874,5.06980070990822
Homem Pardo,2014T4,12.305727045452,11.0477908655476,10.1674298124246,17.4248220671015,16.727104206196,16.0075915716059
Mulher Preta,2014T4,7.6702239787089,6.48217661315668,4.18335403051762,27.6579159433559,30.5782818993587,32.7809467322687
Mulher Parda,2014T4,8.45592403034169,4.59427449454071,4.20915902548661,24.9674450643509,26.1200764750506,26.8694465061859
Homem Preto,2014T4,12.2286497432955,10.9480124771526,9.41439396230295,12.5346031861186,11.4936088972439,9.09204558476632
Mulher Branca,2015T1,23.334697400092,24.6894825264141,24.3464589133697,10.781683745556,9.67212193074796,9.03420526325936
Homem Branco,2015T1,36.182294528761,41.9484827020622,51.3730979344029,5.63140941307853,4.76229447827742,3.54938544371399
Mulher Preta,2015T1,8.03158308392244,6.5223006899234,5.18291849254509,27.8733433039192,28.6846540606483,30.8545197834792
Homem Pardo,2015T1,12.2531828097356,10.7904578669723,9.61700337895415,17.1324954767611,16.4576084961054,15.575349393351
Homem Preto,2015T1,12.4484413374463,10.4891954060533,6.93237921052798,13.0373202010795,13.6385148855445,9.78433862256687
Mulher Parda,2015T1,7.74980084004265,5.56008080857468,2.54814207020016,25.5437478596056,26.7848061486764,31.2022014936296
Mulher Preta,2015T2,7.83424369909504,6.424472295593,4.29186725454091,27.4442953179706,28.6789006607319,31.3436454549033
Homem Pardo,2015T2,12.2332206779893,10.6539355829613,9.63778672829975,18.2973782163824,17.5494653722701,15.1223772469757
Mulher Branca,2015T2,22.8285411540771,23.5908864121552,22.6933209703778,10.9325873847862,10.1873038723305,9.08828186951293
Mulher Parda,2015T2,8.76490389065431,7.57435329459609,3.55401310350794,25.6041773815093,27.4697692197305,28.575857524442
Homem Branco,2015T2,35.4520375852821,40.7150810346443,52.9487538136627,5.65500384876199,4.86422491991079,4.82941271955737
Homem Preto,2015T2,12.8870529929022,11.0412713800501,6.87425812961092,12.0665578505895,11.2503359550263,11.0404251846088
Mulher Preta,2015T3,8.06265900204943,6.52439264165235,3.57766285373375,28.0723452071937,28.8230767998876,32.622256978114
Homem Pardo,2015T3,12.3787167644583,10.9501235737356,9.93365580833395,17.6946345723742,17.2147463771056,15.4793418271586
Mulher Branca,2015T3,23.2693284477156,24.4103933041948,23.9285384803124,10.7488971135296,10.1658815769868,9.54963025660934
Homem Branco,2015T3,35.1513094762533,41.7696634736453,51.5877324587652,5.60638362035607,5.1593033258491,4.5077491680192
Homem Preto,2015T3,12.2833300301342,9.76205263037655,8.84971197891867,13.5420020616802,13.1391182865407,10.9611623110406
Mulher Parda,2015T3,8.85465627938933,6.58337437639539,2.122698419936,24.3357374248662,25.4978736336302,26.8798594590583
Mulher Preta,2015T4,8.33345509426715,7.09753841608205,4.92855381292306,27.018864725184,27.9053126947843,32.4110251010049
Homem Pardo,2015T4,12.5550112653563,10.8182467753827,8.93973080831553,18.5269751073235,17.4856371016742,15.5178581716243
Mulher Branca,2015T4,23.3968450395532,24.8026206579913,25.4586543800772,10.4156528515368,9.68215948843822,8.46244320910591
Mulher Parda,2015T4,8.34938852158651,6.37021555250371,3.72353410862845,24.7504307249388,25.848085874999,24.814137642801
Homem Branco,2015T4,34.4721599213886,41.0935394288027,50.4524438256173,5.92928663940189,5.02317773674583,4.76936621977947
Homem Preto,2015T4,12.8931401578482,9.81783916923749,6.49708306443852,13.358789951615,14.0556271033585,14.0251696556844
Mulher Preta,2016T1,8.28800765884588,6.85471611556148,4.27673158001184,26.5253137089514,27.1447647322895,28.8691336233759
Homem Pardo,2016T1,12.2488735888588,10.9843401314591,9.39442296638876,19.0006805972843,18.3458590111185,16.8337424227052
Mulher Parda,2016T1,7.65667962035023,5.53893239988994,3.57445888564348,22.9690957439223,25.1231530029515,27.3793267703015
Homem Preto,2016T1,12.5343599304982,9.88075155811639,5.38531101258338,15.1875863729586,15.0243860489948,13.8332879277218
Mulher Branca,2016T1,24.1932661733707,25.6088174380234,26.1888367792182,10.3226399195221,8.91957212218249,8.08596737270238
Homem Branco,2016T1,35.0788130280762,41.1324423569497,51.1802387761543,5.99468365736134,5.44226508246315,4.99854188319322
Mulher Preta,2016T2,8.58091334225122,6.850460332996,4.50832537413904,25.3961146282322,26.6315119973308,26.7336075565865
Homem Pardo,2016T2,12.585924495143,11.2528086016223,8.80417677317452,18.6423915951931,18.0657195483134,16.268119309429
Mulher Parda,2016T2,7.1596565555803,5.19036697530979,3.0261225060196,25.0964314001421,26.7854254860539,28.1114547541499
Homem Preto,2016T2,11.5267368903766,9.17442896082383,4.90361671666311,14.027664589733,13.1886780975679,14.3597061514481
Mulher Branca,2016T2,24.6122536381121,26.1515832050224,24.992671262717,10.6828171835276,9.66860213524816,9.13006105486947
Homem Branco,2016T2,35.5345150785368,41.3803519242257,53.7650873672867,6.15458060317208,5.66006273548595,5.39705117351701
Mulher Preta,2016T3,8.15350642774743,6.44861970043305,3.71197348877072,26.877503033105,28.0611901544932,30.3856921208236
Homem Pardo,2016T3,12.4280429286249,10.4593221208732,10.3035376692585,19.1503349723487,18.6295406312307,17.2668588977622
Mulher Branca,2016T3,24.6370993827607,26.7919203558448,25.2912419074932,10.2546241488836,9.01381995572867,8.58642591895454
Homem Branco,2016T3,35.7257870948088,41.353038369366,52.3481093590437,6.11701956621576,5.16020849189455,4.60788110151709
Homem Preto,2016T3,11.7881522418571,9.92060430170537,5.75042262196306,13.9266856549763,13.5652269763479,9.73572145022978
Mulher Parda,2016T3,7.26741192420107,5.02649515177763,2.5947149534707,23.6738326244706,25.5700137903049,29.4174205107128
Mulher Branca,2016T4,25.3519507743616,27.0454997941625,27.8078923867828,10.3135362938331,8.56356191248658,8.75450630332484
Homem Pardo,2016T4,12.0601487600116,10.2319303976224,8.98665256397174,18.6934167220765,17.9740637618943,16.9396058612302
Mulher Preta,2016T4,8.13732289760812,6.22476331038311,3.83520685083068,26.0497784967617,27.4442587606998,27.9757462828827
Homem Branco,2016T4,35.0872777802388,40.2379018813405,52.4680930846535,6.40790736148255,5.89048920997801,5.04788650996617
Mulher Parda,2016T4,7.57621228979894,5.94251137140712,1.58324860875144,24.4262559361778,25.4853423646441,25.9491033114361
Homem Preto,2016T4,11.787087497981,10.3173932450843,5.31890650500986,14.1091051896684,14.6422839902973,15.33315173116
Mulher Branca,2017T1,25.1762746480979,26.4727121836761,25.1500209270405,10.2147021429552,8.9050412058755,7.57444850239855
Homem Pardo,2017T1,11.6877163406629,10.3521244740828,9.35253237348654,18.6310367397832,17.795235723383,16.152759304157
Mulher Preta,2017T1,7.89800360835155,6.38565729245885,4.39399923749662,25.8401089533255,26.658150337378,27.526261314756
Homem Branco,2017T1,34.7990832040415,39.5745901669994,50.969453292506,6.30307110283501,5.52113095146238,4.1976294335482
Mulher Parda,2017T1,8.35849751330866,5.98051849298087,4.25810091561644,23.7087260648741,25.4480492861549,31.3249098282035
Homem Preto,2017T1,12.0804246855374,11.234397389802,5.87589325385384,15.302354996227,15.6723924957463,13.2239916169367
Homem Pardo,2017T2,11.7648739142997,10.9319284515111,9.43626162205839,18.1903617817583,18.0372976886277,17.8787977080871
Mulher Preta,2017T2,8.38446547096174,7.11326315962778,3.92959873581962,26.1527278922024,25.7779936598406,27.1607274088918
Mulher Branca,2017T2,24.1591713346441,25.0472104169683,24.6039399186979,10.338434206404,9.53173123635059,10.0825203984262
Mulher Parda,2017T2,9.08028108056551,6.81880147370213,2.38854512450176,24.2488673455377,26.1130849495212,27.5930553277341
Homem Preto,2017T2,12.3118939440389,10.3246337160471,6.44747483870294,14.7472392848567,14.7211403567061,11.6746316559347
Homem Branco,2017T2,34.2993142554901,39.7641627821436,53.1941797602194,6.32236948924092,5.81875210895375,5.61026750092602
Homem Pardo,2017T3,11.6174701620795,11.1217506349873,9.14114684525022,17.3623287473319,17.4086039826821,15.4933733972316
Mulher Preta,2017T3,8.27738215301957,6.90994822337941,4.22878417017303,26.0858830212338,26.6973210178023,30.0044618709443
Mulher Branca,2017T3,24.1471651310773,24.6634436273002,22.2525329230743,11.2300814641886,9.8257730015069,9.79288084214017
Homem Branco,2017T3,35.209362267614,40.0768160961812,53.2748794027942,6.19029655165309,5.86820566271626,4.90616030728394
Mulher Parda,2017T3,8.74341918452608,7.22924106832254,3.29006904279326,25.0535173168122,26.5640715271013,26.7004105879651
Homem Preto,2017T3,12.0052011016835,9.99880034982938,7.81258761591505,14.0778928987804,13.6360248081911,13.1027129944348
Mulher Preta,2017T4,8.56466587683193,7.20555568483419,5.41992350796448,26.3142504111486,27.6175265539965,29.0493384565085
Homem Pardo,2017T4,12.2572920769989,11.7336892983205,10.7548000593346,17.8963241927496,17.9329609102625,17.0198108429006
Homem Branco,2017T4,34.5071504595856,39.0688443892535,50.1464832250202,6.3481714808519,5.94990798740271,5.42796692083113
Mulher Branca,2017T4,23.9238972615699,24.8109030514351,22.2545520742713,11.0450548551806,10.5844400030435,8.10033152017893
Mulher Parda,2017T4,9.03867609372475,6.44498580205875,3.06285777329928,24.0709100642738,24.0840713588606,25.6334531941242
Homem Preto,2017T4,11.7083182312888,10.7360217740979,8.36138336011014,14.3252889957954,13.8310931864343,14.7690990654567
Mulher Branca,2018T1,24.0177124686355,24.4603149458293,22.1166486416045,10.9445030829991,10.5884202795547,9.04007375932453
Homem Pardo,2018T1,12.9398552493987,12.0862821141672,10.2621311786269,17.9457863854325,19.2356846772603,20.2968455489949
Mulher Preta,2018T1,8.64906589659351,7.57872750786068,4.98312657077382,26.344819641851,28.5813017721838,31.9648185540982
Homem Branco,2018T1,34.5071594400256,39.1699899053985,54.2947762865408,6.4030619369681,6.10766185301635,6.1171472090819
Homem Preto,2018T1,11.7386015589028,10.2906102464175,5.99342863325497,14.4688381169353,13.1345755265124,10.8762592013584
Mulher Parda,2018T1,8.1476053864438,6.4140752803269,2.34988868919907,23.892990835814,22.3523558914725,21.704855727142
Mulher Branca,2018T2,24.3402906539584,24.8676384481032,21.6812648590682,10.7450414893934,9.0491946055721,8.81093448802008
Homem Branco,2018T2,34.4262321995348,39.7887451259862,54.762077508584,6.20743877097789,5.91884390553002,6.28501906183124
Mulher Preta,2018T2,8.36159018728105,7.14775248793,5.27718306816979,25.9023431788651,25.8239372950429,29.7284429014091
Homem Pardo,2018T2,13.0142761701797,11.6827670244917,9.85747964463092,17.4817843453155,17.9798845582876,18.8898235444773
Mulher Parda,2018T2,7.57757091196196,6.23500018209099,2.85824520230745,26.0167999159377,26.3781038677709,23.356641989447
Homem Preto,2018T2,12.2800398770841,10.2780967313978,5.56374971723966,13.6465922995105,14.8500357677965,12.9291380148152
Mulher Preta,2018T3,8.39276783523711,7.25696095064532,5.20909177716243,25.9952769977276,26.0989223531751,28.1502523440211
Homem Pardo,2018T3,12.6704204552216,11.6517784986336,8.51385156077697,18.1222429153298,17.9813384398428,18.9019415958343
Mulher Branca,2018T3,24.0356808280867,24.5253084747683,22.6330416612097,10.7110122294886,9.07492936080579,8.17092033697644
Mulher Parda,2018T3,8.49180242694769,6.34431323539051,2.60373379396082,24.3510065268034,26.1613509227234,25.9197853800058
Homem Branco,2018T3,34.2470882767871,39.880255158625,54.8131768281963,6.31272045479689,5.82701096502317,4.54525294362306
Homem Preto,2018T3,12.1622401777198,10.3413836819372,6.22710437869381,14.5077408758538,14.8564479584298,14.3118473995393
Mulher Preta,2018T4,8.83829238179154,7.45151422361555,5.46319649854421,26.2189738493298,26.8980922013847,27.3247655839642
Homem Pardo,2018T4,12.7434693656293,11.8882788348485,9.4598351700372,17.9447979210185,18.4365085867946,16.4427960387285
Mulher Branca,2018T4,23.1962888113601,24.3369094187538,21.9858350961111,10.9346024861112,9.76453022593375,8.19914602194236
Mulher Parda,2018T4,8.63803363278275,6.21172471801259,2.76333875052134,24.2782803541496,24.6921337164324,29.7143626450569
Homem Branco,2018T4,34.1336911351097,39.1864978027151,54.4299075482594,6.40936153891424,5.55433839229432,5.13836537010209
Homem Preto,2018T4,12.4502246733266,10.9250750020545,5.89788693652666,14.2139838504766,14.6543968771603,13.1805643402059
Mulher Preta,2019T1,8.50576685770381,7.11568697603657,4.45079715437325,26.6351898586901,27.4882343239185,30.1874828242661
Homem Pardo,2019T1,12.5027223429278,11.685820015423,10.2508012685284,18.9487112197154,19.5123016195728,18.2167050015518
Mulher Branca,2019T1,24.1214730457731,25.1449781995683,25.3767923227977,11.0800588093381,9.19743888213348,8.14021123333223
Homem Branco,2019T1,33.8629719733048,39.0283212894292,51.4658557441997,6.5297335234492,5.5924175912631,5.1800779270932
Homem Preto,2019T1,12.6524354039255,10.7984450106111,6.27400556589004,13.7267318263745,13.9853180796472,15.2036863226297
Mulher Parda,2019T1,8.35463037636502,6.22674850893176,2.18174794421096,23.0795747624327,24.2242895034649,23.071836691127
Mulher Preta,2019T2,7.97059536732377,6.75395257336618,3.49867534911526,26.7144362531424,27.7872229781212,29.6569564126359
Homem Pardo,2019T2,12.9826334429617,12.2807817983945,10.5774394337912,18.3258378763777,18.3870956749983,18.7298192145093
Mulher Parda,2019T2,8.66692606299663,7.56867051332603,2.02499494682185,24.7721449438446,24.7064050729934,21.4090701747571
Homem Branco,2019T2,33.7843869439379,38.6910298667338,50.9566985824718,6.28414655461146,5.49075428956402,5.69526875579008
Homem Preto,2019T2,12.6365843349629,9.85710793254542,5.5746208024794,12.8682985717998,14.4351596785986,15.9132050402162
Mulher Branca,2019T2,23.958873847817,24.848457315634,27.3675708853206,11.0351358002241,9.19336230572448,8.59568040209152
Mulher Preta,2019T3,8.29413162747289,7.01284940566096,4.27055668064556,26.4181278725702,28.0076095637616,28.6881831628692
Homem Pardo,2019T3,12.9835830298458,12.3035154034961,8.98002447389342,17.5430941333795,17.9414956215766,16.5166793937788
Homem Branco,2019T3,34.6818988547392,39.6899532423472,52.0552249403829,6.48580455595488,5.89963661562321,5.23483932934017
Mulher Branca,2019T3,23.9195169436154,24.763682348324,26.1214481471766,10.9585468522298,10.2103904196117,7.45252980317624
Homem Preto,2019T3,11.8266862569065,9.49318584300689,4.14596111168621,13.5047609648925,13.4416727942505,13.8692818770346
Mulher Parda,2019T3,8.29418328742014,6.73681375716486,4.42678464621533,25.0896656209731,24.4991949851764,28.238486433801
Mulher Preta,2019T4,8.37902330567975,7.17170609607202,3.84916283512228,26.2005292169057,26.9405470907563,29.4533082550724
Homem Pardo,2019T4,13.3241181295148,12.3379576185147,10.4946141699953,17.8480774144521,17.6443115503286,18.3808752274923
Homem Branco,2019T4,34.5014993957203,39.2051281744676,50.1154356695402,6.68075026892443,6.29784706282599,6.4361892380117
Mulher Branca,2019T4,24.2502285045659,25.3118913781768,26.1011126263412,11.3359803544806,10.5603976258808,10.1631450813116
Mulher Parda,2019T4,7.61507677776402,6.07449261843611,3.40538978426317,24.6005950540886,25.133762070317,24.2483098972192
Homem Preto,2019T4,11.9300538867552,9.89882411433284,6.03428491473791,13.3340676911485,13.4231345998913,11.3181723008928
Mulher Preta,2020T1,8.04631822893739,6.99463279180284,3.54671297608431,26.5327697316425,27.8871696762904,28.7407328488046
Homem Branco,2020T1,34.9870801221896,39.83170394397,51.5256713725781,6.07670508334127,5.37595731701222,5.13775944878063
Homem Pardo,2020T1,13.108939395872,11.9023259372551,10.0398788145034,18.3830993920402,17.8127885239365,18.9806331002478
Mulher Branca,2020T1,24.0855473540432,24.0471170868126,24.8685255864886,10.7309045565183,10.0767503781847,8.47418850364809
Homem Preto,2020T1,11.9757344583383,10.6568862428084,7.36559244627047,13.5209545344849,14.3347738337705,13.2832814100718
Mulher Parda,2020T1,7.79638044061946,6.56733399735097,2.653618804075,24.7555667019728,24.5125602708058,25.3834046884471
Mulher Preta,2020T2,8.33467783952854,7.174839523626,3.54586986559449,26.554417356389,29.5061834238651,36.4990757958329
Homem Pardo,2020T2,12.9378296964658,12.1258511760585,9.08850360301158,18.4936302813478,19.2948681657845,17.5821651617625
Mulher Branca,2020T2,24.7817146300863,24.9663569667662,24.4617415314363,11.3906632395884,10.7576915497166,10.0047679261457
Homem Branco,2020T2,34.471378789708,39.7898925262445,50.5329745304195,6.51749860112713,5.7992065162973,4.56821844589043
Homem Preto,2020T2,11.2604514384169,10.1399087775741,7.69308805118962,13.6729299142218,13.4316627828893,13.7295428145365
Mulher Parda,2020T2,8.21394760579447,5.80315102973075,4.67782241834859,23.3708606073259,21.2103875614472,17.616229855832
Mulher Preta,2020T3,8.59866602561066,7.23299164918121,4.70687177291571,27.7196464636988,29.3613525239384,31.5501554104288
Homem Pardo,2020T3,12.6090662648707,12.2475478323339,8.22140698044868,17.9365261455044,17.454952693351,17.8049904198101
Mulher Branca,2020T3,25.95752635621,25.6560207716481,26.1587201353399,10.956409162955,9.92800267487346,10.4790624614321
Homem Branco,2020T3,34.0685309433702,38.7416662589109,52.170053186179,6.52809920236837,6.08770456439792,5.427144847866
Homem Preto,2020T3,10.4617244611387,9.35086823926385,5.32432953470423,13.4603811043579,13.2761743286968,13.5044282967684
Mulher Parda,2020T3,8.30448594879976,6.77090524866208,3.41861839041256,23.3989379211155,23.8918132147424,21.2342185636946
Mulher Preta,2020T4,8.59632812235408,6.73850892359241,3.920256501831,26.5765561569275,29.5588797940113,31.9882460633625
Homem Pardo,2020T4,12.5903267930756,11.5825155878766,7.79727402994951,16.7122944658022,17.0534960965121,15.1204878236381
Mulher Branca,2020T4,25.0645941590228,25.8629164250846,21.6340318647964,10.8295971359927,9.90373261361064,9.27416822293536
Homem Branco,2020T4,34.0239191325443,38.7826932841685,53.173504144412,6.24671421364049,6.48954122004193,4.92834035783017
Homem Preto,2020T4,11.2707909488357,10.3014632439477,8.80290762044207,13.788544371331,12.3824869596314,13.826933027685
Mulher Parda,2020T4,8.4540408441675,6.73190253533021,4.67202583856899,25.8462936563062,24.6118633161926,24.8618245045488
Mulher Preta,2021T1,9.14951054662598,7.2218214435012,3.06137605776221,25.6182137657102,28.277044898127,30.1269919096917
Homem Pardo,2021T1,12.87010730501,13.366962562094,9.89253356310918,15.8426142291123,16.1904887208122,16.5064662692269
Mulher Branca,2021T1,24.8482343864661,25.5084288713392,24.5414378139405,10.4882780564842,10.2715931756448,11.5835667739182
Homem Branco,2021T1,33.7301800108373,38.2767034604965,51.3773905841981,6.34822849591477,6.26927564865637,6.0162712255581
Homem Preto,2021T1,10.8989720960155,9.79104204101215,7.40116305887559,16.6984098105443,17.5296907019268,14.4593529197603
Mulher Parda,2021T1,8.50299565504506,5.83504162155695,3.72609892211441,25.0042556422343,21.4619068548328,21.3073509018448
Mulher Preta,2021T2,9.51104547034748,7.53461828135837,4.48525937939821,26.9885196121362,29.5762206190598,28.9474568311412
Homem Pardo,2021T2,13.1067886320977,12.8834113856815,9.56302212959426,16.7554762455089,17.4556968324528,17.7438010496228
Mulher Branca,2021T2,25.1667424649581,27.1449113503078,23.4810376602441,11.1636955686353,10.5324164479358,11.3925125913584
Homem Branco,2021T2,33.4810409880535,38.8882497810165,54.451920179597,5.89557900111754,5.80638529032697,5.70192287319218
Homem Preto,2021T2,10.0345601024438,8.20577962725447,5.72377627834329,14.3898564867256,13.5500207557384,13.4351497031644
Mulher Parda,2021T2,8.69982234209955,5.34302957438142,2.29498437282318,24.8068730858765,23.0792600544864,22.779156951521
Mulher Preta,2021T3,9.28111015329049,7.47589816189654,5.109323782969,27.170636057851,28.1449980951003,29.3428740434968
Homem Pardo,2021T3,12.7508382512657,12.2420682824583,10.1446378876137,16.626178954625,16.7754847997013,15.5772824299127
Mulher Parda,2021T3,9.41181343341475,7.01076985917491,1.8050526377312,23.7917851288965,22.9597123976301,23.3486275291242
Homem Preto,2021T3,10.9163727902591,10.0294413567006,8.67793292304215,14.5881232388102,14.567088142764,13.4225074116832
Mulher Branca,2021T3,24.8149173694634,26.2097491522099,24.1056852671237,11.3771963056511,11.2578257371367,11.5171985511839
Homem Branco,2021T3,32.8249480023065,37.0320731875597,50.1573675015203,6.44608031416624,6.29489082766759,6.79151003459923
Mulher Preta,2021T4,9.24906452045184,7.64952086939055,5.22503509404295,26.2761983472115,27.3968650981096,29.3675564886294
Homem Pardo,2021T4,12.6763917014665,12.2533443011284,11.205356167795,16.2767208940519,16.4286170959361,14.0895330100147
Mulher Parda,2021T4,8.4619586724911,6.34752374737235,2.07441624767067,25.4046503139069,23.7900139407186,26.9761211622628
Homem Preto,2021T4,12.4114523791459,11.6526978973858,9.51334576389997,13.9875611171306,14.7473190478851,11.3962979389524
Mulher Branca,2021T4,24.2252190371465,25.0698197745369,24.9397052895781,11.7159860669968,11.8079689355652,12.3109702869431
Homem Branco,2021T4,32.9759136892981,37.027093410186,47.0421414370133,6.3388832607023,5.82921588178552,5.85952111319754
Mulher Parda,2022T1,9.28563665527341,7.19918046242621,2.27609127367725,24.6792753963541,25.2284491746692,23.3397238946671
Homem Preto,2022T1,12.1636820495057,10.851453934884,9.12082636740207,13.463925012434,12.7567573687014,13.8926571962706
Mulher Branca,2022T1,23.6943961271891,24.718883200704,24.485731581003,11.7598660908712,11.4020673986433,11.6674088030657
Mulher Preta,2022T1,8.96072041320968,7.43303497641073,5.59416891598155,27.1353052242717,28.5543566103815,28.5082105534404
Homem Pardo,2022T1,12.8493852970058,12.5283533832457,10.8511048394925,16.3279641994138,15.9336478537216,16.8637025135495
Homem Branco,2022T1,33.0461794578163,37.2690940423294,47.6720770224437,6.63366407665536,6.124721593883,5.72829703900671
Mulher Parda,2022T2,8.36231584140515,6.24851278946536,2.62516109802063,21.8050796854242,22.6386637009033,26.6429751935977
Homem Preto,2022T2,12.5017357939546,10.6629517198643,9.05233758688127,13.4388460099924,12.7735997858867,11.596054860094
Mulher Branca,2022T2,23.8770948771307,24.3881597839305,24.4096983082937,12.3685448486321,11.4674175164005,12.0201794691559
Mulher Preta,2022T2,8.64890957451127,7.53512489106384,5.22578265303597,27.9686408585462,29.3510607072398,28.1077538441977
Homem Pardo,2022T2,12.9329960538584,12.14582141726,10.2924413269923,17.5401711183579,17.3535025767309,15.5926984442148
Homem Branco,2022T2,33.6769478591399,39.0194293984161,48.3945790267762,6.87871747904716,6.41575571283889,6.04033818873991
Mulher Preta,2022T3,9.33020888642519,7.36885571145045,5.58462845818257,26.3957243014068,26.8041487207506,27.2948733057098
Homem Pardo,2022T3,13.2006946754215,12.2983682874161,10.843776948193,17.0337501685474,16.8639759442516,14.3745738209333
Mulher Parda,2022T3,8.96708470089008,7.26905338497149,4.84621845136807,24.9203082987551,26.8291157884488,28.0304756987835
Homem Preto,2022T3,12.2702973064512,10.7119941745333,8.16503678633704,13.0425261105601,12.7560323324125,14.7455385985867
Mulher Branca,2022T3,23.579391027102,23.996132015547,22.9931342176595,11.5213507036131,10.1516539276403,9.84876192688726
Homem Branco,2022T3,32.6523234037101,38.3555964260817,47.5672051382599,7.08634041711758,6.59507328649628,5.70577664909943
Homem Pardo,2022T4,13.7837232462736,12.8001683205053,13.127341407954,17.4018237135642,16.5842170475073,14.8931531566298
Mulher Preta,2022T4,9.19330582615768,7.37458507385276,4.68409742669815,26.1322709435197,26.8055572040774,28.8012164762717
Homem Branco,2022T4,33.3692863759217,37.8270988438306,48.7765812425495,6.44928491536693,5.88915378269386,6.00856208709156
Mulher Branca,2022T4,23.5525299463384,24.1524752633694,21.0617179606846,11.503841042759,10.5157060060246,10.2445199374848
Mulher Parda,2022T4,8.45257335922873,6.91450071915709,3.29904930444366,24.3459744623475,26.3126982877158,26.0453348901237
Homem Preto,2022T4,11.6485812460799,10.9311717792848,9.05121265767018,14.1668049224428,13.8926676719812,14.0072134523985
Homem Pardo,2023T1,13.3706329885431,12.7024327814101,11.6253276478207,17.3853250158694,16.8791850102502,14.9804539180274
Mulher Preta,2023T1,9.15606470938743,7.27458338513119,5.17701257260138,26.2331938377125,27.2742524723176,29.4064672390715
Homem Branco,2023T1,32.1186642625857,36.9791375593539,46.2398896045369,7.17445994355647,6.3495699186394,6.50329352729349
Mulher Branca,2023T1,23.2256444237455,24.3702020080255,24.3966167304302,11.7535006847964,10.9742330274916,10.9365670084055
Mulher Parda,2023T1,9.00188464422469,7.28088731917983,3.32359056607489,23.3638940780139,24.7634904448864,24.5580133346215
Homem Preto,2023T1,13.1271089715135,11.3927569468996,9.23756287853601,14.0896264400513,13.7592691264149,13.6152049725805
Homem Pardo,2023T2,13.6747396818902,12.6618262210894,11.6681430545891,17.5568173344325,17.0300008204396,13.4554915069885
Mulher Preta,2023T2,9.26799741808674,7.66148615604506,4.20153399662584,25.9824592243967,26.9454692457103,26.901668085112
Homem Branco,2023T2,32.4877447155179,37.4473665519929,48.8243544595485,6.6626026296358,6.01959699903433,5.20104767154376
Mulher Branca,2023T2,23.6439590568859,24.2543882379495,23.7341498146303,11.5431016191273,10.9458936865474,11.0098909463545
Homem Preto,2023T2,12.0670433538863,11.1011360555248,7.95847017459462,13.8401077626224,13.7045456898642,13.5584193011049
Mulher Parda,2023T2,8.85851577373303,6.87379677739833,3.6133485000117,24.4149114297853,25.3544935584043,29.8734824888963
Homem Pardo,2023T3,12.7797917846168,12.3945871923962,12.8954386414912,17.7717369932033,18.1023640133431,15.6455376243976
Mulher Preta,2023T3,8.83071031594873,7.81955606815191,4.60307245282366,26.1359253813023,27.0480504701997,29.7418812274265
Homem Branco,2023T3,33.0930302238006,38.8269783982601,47.1668544110395,7.0896994714056,6.33540612690969,6.58074702401807
Mulher Branca,2023T3,24.2721480045157,24.8508866008253,22.4439013366796,11.4602672736391,10.6537686894877,10.0151514209638
Homem Preto,2023T3,12.0939611586469,10.0482949393672,8.99619182907105,13.3064917518799,12.6247497693345,13.1513621418181
Mulher Parda,2023T3,8.93035851247115,6.05969680099931,3.89454132889509,24.2358791285697,25.2356609307254,24.8653205613759
Homem Pardo,2023T4,13.665254168033,12.9671415528767,11.9770255206214,16.8202427857111,17.0404190520873,14.6122538578827
Mulher Preta,2023T4,8.94709535450084,7.43404615420113,4.37797514168502,25.8783611750769,26.804454315443,27.8698857275209
Homem Branco,2023T4,32.5458267101347,38.714936960457,47.5162599832472,6.80370844542145,6.81029170190666,6.7185024700938
Mulher Branca,2023T4,24.4882868768928,24.9526243371411,25.5675088708127,11.6764571773765,10.377440348024,10.5132897848326
Homem Preto,2023T4,11.9117914731765,10.2763937958427,6.63628172919647,14.346665257845,14.1997427591595,14.4432584858676
Mulher Parda,2023T4,8.44174541726217,5.65485719948135,3.92494875443721,24.4745651585691,24.7676518233795,25.8428096738024
Mulher Preta,2024T1,8.96222379709028,7.17829042099629,4.3926897738956,26.0493175216137,27.2252921548624,29.1667304230648
Homem Pardo,2024T1,13.2230651574375,12.2051131767321,9.65406507179404,17.3622693917809,17.1652925573846,14.0262343250397
Homem Branco,2024T1,32.9628657328649,38.6511527902834,47.7859943918552,6.72680596576139,5.8917255023891,5.67061663854114
Mulher Branca,2024T1,24.4315114111299,25.844394386801,24.3801324012574,11.7083682182668,10.5642395679956,10.0026388246598
Mulher Parda,2024T1,8.48819233580666,6.53577148506303,4.9407854590653,24.4296701157195,25.6764711300078,27.1315116725664
Homem Preto,2024T1,11.9321415656708,9.58527774012413,8.84633290213249,13.7235687868577,13.4769790873605,14.0022681161281
